SlNo,State_Code,State,District_Key,District,Confirmed,Active,Recovered,Deceased,Migrated_Other,Delta_Confirmed,Delta_Active,Delta_Recovered,Delta_Deceased,District_Notes,Last_Updated
0,UN,State Unassigned,UN_Unassigned,Unassigned,8250,8250,0,0,0,418,418,0,0,NA,NA
1,AN,Andaman and Nicobar Islands,AN_Nicobars,Nicobars,0,0,0,0,0,0,0,0,0,NA,NA
2,AN,Andaman and Nicobar Islands,AN_North and Middle Andaman,North and Middle Andaman,1,0,1,0,0,0,0,0,0,NA,NA
3,AN,Andaman and Nicobar Islands,AN_South Andaman,South Andaman,32,0,32,0,0,0,0,0,0,NA,NA
0,AP,Andhra Pradesh,AP_Foreign Evacuees,Foreign Evacuees,131,126,5,0,0,0,-1,1,0,NA,NA
4,AP,Andhra Pradesh,AP_Anantapur,Anantapur,288,111,173,4,0,14,7,7,0,NA,NA
5,AP,Andhra Pradesh,AP_Chittoor,Chittoor,299,82,213,4,0,1,-2,3,0,NA,NA
6,AP,Andhra Pradesh,AP_East Godavari,East Godavari,275,164,109,2,0,3,-2,5,0,NA,NA
7,AP,Andhra Pradesh,AP_Guntur,Guntur,558,159,390,9,0,2,2,0,0,NA,NA
8,AP,Andhra Pradesh,AP_Krishna,Krishna,551,186,342,23,0,25,19,5,1,NA,NA
9,AP,Andhra Pradesh,AP_Kurnool,Kurnool,772,146,598,28,0,10,2,7,1,NA,NA
0,AP,Andhra Pradesh,AP_Other State,Other State,810,508,302,0,0,69,41,28,0,NA,NA
10,AP,Andhra Pradesh,AP_Prakasam,Prakasam,85,18,67,0,0,0,0,0,0,NA,NA
11,AP,Andhra Pradesh,AP_S.P.S. Nellore,S.P.S. Nellore,335,143,188,4,0,31,31,0,0,NA,NA
12,AP,Andhra Pradesh,AP_Srikakulam,Srikakulam,32,21,11,0,0,1,1,0,0,NA,NA
13,AP,Andhra Pradesh,AP_Visakhapatnam,Visakhapatnam,128,52,75,1,0,17,17,0,0,NA,NA
14,AP,Andhra Pradesh,AP_Vizianagaram,Vizianagaram,43,30,13,0,0,6,6,0,0,NA,NA
15,AP,Andhra Pradesh,AP_West Godavari,West Godavari,188,128,60,0,0,6,3,3,0,NA,NA
16,AP,Andhra Pradesh,AP_Y.S.R. Kadapa,Y.S.R. Kadapa,164,50,114,0,0,14,44,-30,0,NA,NA
17,AR,Arunachal Pradesh,AR_Anjaw,Anjaw,0,0,0,0,0,0,0,0,0,NA,NA
18,AR,Arunachal Pradesh,AR_Changlang,Changlang,32,32,0,0,0,0,0,0,0,NA,NA
19,AR,Arunachal Pradesh,AR_East Kameng,East Kameng,0,0,0,0,0,0,0,0,0,NA,NA
20,AR,Arunachal Pradesh,AR_East Siang,East Siang,1,1,0,0,0,0,0,0,0,NA,NA
21,AR,Arunachal Pradesh,AR_Kamle,Kamle,0,0,0,0,0,0,0,0,0,NA,NA
22,AR,Arunachal Pradesh,AR_Kra Daadi,Kra Daadi,0,0,0,0,0,0,0,0,0,NA,NA
23,AR,Arunachal Pradesh,AR_Kurung Kumey,Kurung Kumey,0,0,0,0,0,0,0,0,0,NA,NA
24,AR,Arunachal Pradesh,AR_Lepa Rada,Lepa Rada,0,0,0,0,0,0,0,0,0,NA,NA
25,AR,Arunachal Pradesh,AR_Lohit,Lohit,2,1,1,0,0,0,0,0,0,NA,NA
26,AR,Arunachal Pradesh,AR_Longding,Longding,0,0,0,0,0,0,0,0,0,NA,NA
27,AR,Arunachal Pradesh,AR_Lower Dibang Valley,Lower Dibang Valley,0,0,0,0,0,0,0,0,0,NA,NA
28,AR,Arunachal Pradesh,AR_Lower Siang,Lower Siang,0,0,0,0,0,0,0,0,0,NA,NA
29,AR,Arunachal Pradesh,AR_Lower Subansiri,Lower Subansiri,0,0,0,0,0,0,0,0,0,NA,NA
30,AR,Arunachal Pradesh,AR_Namsai,Namsai,2,2,0,0,0,0,0,0,0,NA,NA
31,AR,Arunachal Pradesh,AR_Pakke Kessang,Pakke Kessang,1,1,0,0,0,0,0,0,0,NA,NA
32,AR,Arunachal Pradesh,AR_Papum Pare,Papum Pare,7,7,0,0,0,0,0,0,0,NA,NA
33,AR,Arunachal Pradesh,AR_Shi Yomi,Shi Yomi,0,0,0,0,0,0,0,0,0,NA,NA
34,AR,Arunachal Pradesh,AR_Siang,Siang,0,0,0,0,0,0,0,0,0,NA,NA
35,AR,Arunachal Pradesh,AR_Tawang,Tawang,1,1,0,0,0,0,0,0,0,NA,NA
36,AR,Arunachal Pradesh,AR_Tirap,Tirap,0,0,0,0,0,0,0,0,0,NA,NA
37,AR,Arunachal Pradesh,AR_Upper Dibang Valley,Upper Dibang Valley,0,0,0,0,0,0,0,0,0,NA,NA
38,AR,Arunachal Pradesh,AR_Upper Siang,Upper Siang,1,1,0,0,0,0,0,0,0,NA,NA
39,AR,Arunachal Pradesh,AR_Upper Subansiri,Upper Subansiri,0,0,0,0,0,0,0,0,0,NA,NA
40,AR,Arunachal Pradesh,AR_West Kameng,West Kameng,0,0,0,0,0,0,0,0,0,NA,NA
41,AR,Arunachal Pradesh,AR_West Siang,West Siang,1,1,0,0,0,0,0,0,0,NA,NA
42,AS,Assam,AS_Baksa,Baksa,16,16,0,0,0,0,0,0,0,NA,NA
43,AS,Assam,AS_Barpeta,Barpeta,80,40,40,0,0,0,-2,2,0,NA,NA
44,AS,Assam,AS_Biswanath,Biswanath,44,37,7,0,0,0,0,0,0,NA,NA
45,AS,Assam,AS_Bongaigaon,Bongaigaon,13,8,5,0,0,0,0,0,0,NA,NA
46,AS,Assam,AS_Cachar,Cachar,82,4,78,0,0,0,-13,13,0,NA,NA
47,AS,Assam,AS_Charaideo,Charaideo,15,15,0,0,0,0,0,0,0,NA,NA
48,AS,Assam,AS_Chirang,Chirang,33,33,0,0,0,0,0,0,0,NA,NA
49,AS,Assam,AS_Darrang,Darrang,65,65,0,0,0,0,0,0,0,NA,NA
50,AS,Assam,AS_Dhemaji,Dhemaji,50,45,5,0,0,1,1,0,0,NA,NA
51,AS,Assam,AS_Dhubri,Dhubri,306,301,5,0,0,24,24,0,0,NA,NA
52,AS,Assam,AS_Dibrugarh,Dibrugarh,50,45,5,0,0,0,-1,1,0,NA,NA
53,AS,Assam,AS_Dima Hasao,Dima Hasao,88,81,7,0,0,0,0,0,0,NA,NA
54,AS,Assam,AS_Goalpara,Goalpara,48,38,4,0,0,0,0,0,0,NA,NA
55,AS,Assam,AS_Golaghat,Golaghat,220,178,42,0,0,7,7,0,0,NA,NA
56,AS,Assam,AS_Hailakandi,Hailakandi,49,43,5,1,0,0,-5,5,0,NA,NA
57,AS,Assam,AS_Hojai,Hojai,237,237,0,0,0,39,39,0,0,NA,NA
58,AS,Assam,AS_Jorhat,Jorhat,27,-1,28,0,0,0,-2,2,0,NA,NA
59,AS,Assam,AS_Kamrup,Kamrup,120,99,21,0,0,0,-2,2,0,NA,NA
60,AS,Assam,AS_Kamrup Metropolitan,Kamrup Metropolitan,404,111,290,3,0,0,-1,1,0,NA,NA
61,AS,Assam,AS_Karbi Anglong,Karbi Anglong,11,6,5,0,0,0,-4,4,0,NA,NA
62,AS,Assam,AS_Karimganj,Karimganj,77,64,13,0,0,0,0,0,0,NA,NA
63,AS,Assam,AS_Kokrajhar,Kokrajhar,57,57,0,0,0,0,0,0,0,NA,NA
64,AS,Assam,AS_Lakhimpur,Lakhimpur,61,55,6,0,0,5,5,0,0,NA,NA
65,AS,Assam,AS_Majuli,Majuli,6,6,0,0,0,6,6,0,0,NA,NA
66,AS,Assam,AS_Morigaon,Morigaon,49,39,10,0,0,0,-4,4,0,NA,NA
67,AS,Assam,AS_Nagaon,Nagaon,107,85,22,0,0,10,-2,12,0,NA,NA
68,AS,Assam,AS_Nalbari,Nalbari,25,16,9,0,0,0,0,0,0,NA,NA
0,AS,Assam,AS_Other State,Other State,1,0,1,0,0,0,0,0,0,NA,NA
69,AS,Assam,AS_Sivasagar,Sivasagar,27,27,0,0,0,0,0,0,0,NA,NA
70,AS,Assam,AS_Sonitpur,Sonitpur,34,8,26,0,0,0,0,0,0,NA,NA
71,AS,Assam,AS_South Salmara Mankachar,South Salmara Mankachar,6,5,1,0,0,0,0,0,0,NA,NA
72,AS,Assam,AS_Tinsukia,Tinsukia,68,68,0,0,0,0,0,0,0,NA,NA
73,AS,Assam,AS_Udalguri,Udalguri,65,63,2,0,0,0,-2,2,0,NA,NA
74,AS,Assam,AS_West Karbi Anglong,West Karbi Anglong,17,17,0,0,0,0,0,0,0,NA,NA
75,BR,Bihar,BR_Araria,Araria,73,44,28,1,0,0,-12,12,0,NA,NA
76,BR,Bihar,BR_Arwal,Arwal,54,16,38,0,0,0,0,0,0,NA,NA
77,BR,Bihar,BR_Aurangabad,Aurangabad,85,39,46,0,0,1,1,0,0,NA,NA
78,BR,Bihar,BR_Banka,Banka,132,52,80,0,0,2,2,0,0,NA,NA
79,BR,Bihar,BR_Begusarai,Begusarai,262,142,117,3,0,0,-3,3,0,NA,NA
80,BR,Bihar,BR_Bhagalpur,Bhagalpur,245,159,85,1,0,14,14,0,0,NA,NA
81,BR,Bihar,BR_Bhojpur,Bhojpur,111,70,39,2,0,8,8,0,0,NA,NA
82,BR,Bihar,BR_Buxar,Buxar,130,26,104,0,0,4,4,0,0,NA,NA
83,BR,Bihar,BR_Darbhanga,Darbhanga,130,76,54,0,0,0,0,0,0,NA,NA
101,BR,Bihar,BR_East Champaran,East Champaran,130,63,66,1,0,3,2,1,0,NA,NA
84,BR,Bihar,BR_Gaya,Gaya,117,81,36,0,0,8,8,0,0,NA,NA
85,BR,Bihar,BR_Gopalganj,Gopalganj,134,60,74,0,0,2,2,0,0,NA,NA
86,BR,Bihar,BR_Jamui,Jamui,46,26,19,1,0,1,1,0,0,NA,NA
87,BR,Bihar,BR_Jehanabad,Jehanabad,178,55,122,1,0,1,-15,16,0,NA,NA
88,BR,Bihar,BR_Kaimur,Kaimur,102,51,51,0,0,2,2,0,0,NA,NA
89,BR,Bihar,BR_Katihar,Katihar,169,90,79,0,0,2,-2,4,0,NA,NA
90,BR,Bihar,BR_Khagaria,Khagaria,279,185,91,3,0,5,5,0,0,NA,NA
91,BR,Bihar,BR_Kishanganj,Kishanganj,101,82,19,0,0,8,8,0,0,NA,NA
92,BR,Bihar,BR_Lakhisarai,Lakhisarai,67,46,21,0,0,0,-1,1,0,NA,NA
93,BR,Bihar,BR_Madhepura,Madhepura,97,60,36,1,0,0,0,0,0,NA,NA
94,BR,Bihar,BR_Madhubani,Madhubani,218,132,86,0,0,1,-4,5,0,NA,NA
95,BR,Bihar,BR_Munger,Munger,197,63,133,1,0,15,15,0,0,NA,NA
96,BR,Bihar,BR_Muzaffarpur,Muzaffarpur,108,76,31,1,0,30,29,0,1,NA,NA
97,BR,Bihar,BR_Nalanda,Nalanda,124,36,87,1,0,4,4,0,0,NA,NA
98,BR,Bihar,BR_Nawada,Nawada,139,89,49,1,0,14,14,0,0,NA,NA
100,BR,Bihar,BR_Patna,Patna,279,90,187,2,0,6,2,4,0,NA,NA
102,BR,Bihar,BR_Purnia,Purnia,140,90,50,0,0,4,-10,14,0,NA,NA
103,BR,Bihar,BR_Rohtas,Rohtas,234,48,185,1,0,4,-13,17,0,NA,NA
104,BR,Bihar,BR_Saharsa,Saharsa,85,40,45,0,0,5,5,0,0,NA,NA
105,BR,Bihar,BR_Samastipur,Samastipur,130,75,54,1,0,15,15,0,0,NA,NA
106,BR,Bihar,BR_Saran,Saran,103,66,36,1,0,2,-2,4,0,NA,NA
107,BR,Bihar,BR_Sheikhpura,Sheikhpura,111,78,33,0,0,3,-5,8,0,NA,NA
108,BR,Bihar,BR_Sheohar,Sheohar,24,14,9,1,0,0,0,0,0,NA,NA
109,BR,Bihar,BR_Sitamarhi,Sitamarhi,78,43,33,2,0,10,10,0,0,NA,NA
110,BR,Bihar,BR_Siwan,Siwan,129,75,52,2,0,8,8,0,0,NA,NA
111,BR,Bihar,BR_Supaul,Supaul,154,110,44,0,0,36,31,5,0,NA,NA
112,BR,Bihar,BR_Vaishali,Vaishali,92,41,49,2,0,2,-9,11,0,NA,NA
99,BR,Bihar,BR_West Champaran,West Champaran,83,46,37,0,0,19,17,2,0,NA,NA
113,CH,Chandigarh,CH_Chandigarh,Chandigarh,315,37,273,5,0,3,3,0,0,NA,NA
114,CT,Chhattisgarh,CT_Balod,Balod,41,22,19,0,0,0,0,0,0,NA,NA
115,CT,Chhattisgarh,CT_Baloda Bazar,Baloda Bazar,96,83,13,0,0,0,0,0,0,NA,NA
116,CT,Chhattisgarh,CT_Balrampur,Balrampur,17,9,8,0,0,0,0,0,0,NA,NA
117,CT,Chhattisgarh,CT_Bametara,Bametara,20,7,13,0,0,0,0,0,0,NA,NA
118,CT,Chhattisgarh,CT_Bastar,Bastar,3,2,0,1,0,0,0,0,0,NA,NA
119,CT,Chhattisgarh,CT_Bijapur,Bijapur,0,0,0,0,0,0,0,0,0,NA,NA
120,CT,Chhattisgarh,CT_Bilaspur,Bilaspur,98,72,25,1,0,0,0,0,0,NA,NA
121,CT,Chhattisgarh,CT_Dakshin Bastar Dantewada,Dakshin Bastar Dantewada,0,0,0,0,0,0,0,0,0,NA,NA
122,CT,Chhattisgarh,CT_Dhamtari,Dhamtari,6,5,1,0,0,0,0,0,0,NA,NA
123,CT,Chhattisgarh,CT_Durg,Durg,22,11,10,1,0,0,0,0,0,NA,NA
124,CT,Chhattisgarh,CT_Gariaband,Gariaband,10,6,4,0,0,0,0,0,0,NA,NA
125,CT,Chhattisgarh,CT_Janjgir Champa,Janjgir Champa,55,39,16,0,0,0,0,0,0,NA,NA
126,CT,Chhattisgarh,CT_Jashpur,Jashpur,75,75,0,0,0,0,0,0,0,NA,NA
127,CT,Chhattisgarh,CT_Kabeerdham,Kabeerdham,29,11,18,0,0,0,0,0,0,NA,NA
128,CT,Chhattisgarh,CT_Kondagaon,Kondagaon,0,0,0,0,0,0,0,0,0,NA,NA
129,CT,Chhattisgarh,CT_Korba,Korba,97,63,34,0,0,0,0,0,0,NA,NA
130,CT,Chhattisgarh,CT_Koriya,Koriya,38,33,5,0,0,0,0,0,0,NA,NA
131,CT,Chhattisgarh,CT_Mahasamund,Mahasamund,51,51,0,0,0,0,0,0,0,NA,NA
132,CT,Chhattisgarh,CT_Mungeli,Mungeli,86,34,52,0,0,0,0,0,0,NA,NA
133,CT,Chhattisgarh,CT_Narayanpur,Narayanpur,0,0,0,0,0,0,0,0,0,NA,NA
134,CT,Chhattisgarh,CT_Raigarh,Raigarh,45,39,6,0,0,0,0,0,0,NA,NA
135,CT,Chhattisgarh,CT_Raipur,Raipur,34,24,9,1,0,0,0,0,0,NA,NA
136,CT,Chhattisgarh,CT_Rajnandgaon,Rajnandgaon,51,50,1,0,0,0,0,0,0,NA,NA
137,CT,Chhattisgarh,CT_Sukma,Sukma,0,0,0,0,0,0,0,0,0,NA,NA
138,CT,Chhattisgarh,CT_Surajpur,Surajpur,11,4,7,0,0,0,0,0,0,NA,NA
139,CT,Chhattisgarh,CT_Surguja,Surguja,14,7,7,0,0,0,0,0,0,NA,NA
140,CT,Chhattisgarh,CT_Uttar Bastar Kanker,Uttar Bastar Kanker,21,10,11,0,0,0,0,0,0,NA,NA
766,CT,Chhattisgarh,CT_Gaurela Pendra Marwahi,Gaurela Pendra Marwahi,3,3,0,0,0,0,0,0,0,NA,NA
144,DL,Delhi,DL_Central Delhi,Central Delhi,184,184,0,0,0,0,0,0,0,NA,NA
145,DL,Delhi,DL_East Delhi,East Delhi,38,38,0,0,0,0,0,0,0,NA,NA
146,DL,Delhi,DL_New Delhi,New Delhi,37,37,0,0,0,0,0,0,0,NA,NA
147,DL,Delhi,DL_North Delhi,North Delhi,60,60,0,0,0,0,0,0,0,NA,NA
148,DL,Delhi,DL_North East Delhi,North East Delhi,25,25,0,0,0,0,0,0,0,NA,NA
149,DL,Delhi,DL_North West Delhi,North West Delhi,32,31,0,1,0,0,0,0,0,NA,NA
150,DL,Delhi,DL_Shahdara,Shahdara,48,48,0,0,0,0,0,0,0,NA,NA
151,DL,Delhi,DL_South Delhi,South Delhi,70,70,0,0,0,0,0,0,0,NA,NA
152,DL,Delhi,DL_South East Delhi,South East Delhi,130,130,0,0,0,0,0,0,0,NA,NA
153,DL,Delhi,DL_South West Delhi,South West Delhi,42,42,0,0,0,0,0,0,0,NA,NA
154,DL,Delhi,DL_West Delhi,West Delhi,122,122,0,0,0,0,0,0,0,NA,NA
141,DN,Dadra and Nagar Haveli and Daman and Diu,DN_Dadra and Nagar Haveli,Dadra and Nagar Haveli,20,18,2,0,0,1,0,1,0,NA,NA
142,DN,Dadra and Nagar Haveli and Daman and Diu,DN_Daman,Daman,0,0,0,0,0,0,0,0,0,NA,NA
143,DN,Dadra and Nagar Haveli and Daman and Diu,DN_Diu,Diu,0,0,0,0,0,0,0,0,0,NA,NA
155,GA,Goa,GA_North Goa,North Goa,6,0,6,0,0,0,0,0,0,NA,NA
156,GA,Goa,GA_South Goa,South Goa,127,126,1,0,0,0,0,0,0,NA,NA
0,GJ,Gujarat,GJ_Other State,Other State,27,19,8,0,0,2,2,0,0,NA,NA
157,GJ,Gujarat,GJ_Ahmedabad,Ahmedabad,14285,3358,9912,1015,0,318,74,223,21,NA,NA
158,GJ,Gujarat,GJ_Amreli,Amreli,15,8,6,1,0,1,-1,2,0,NA,NA
159,GJ,Gujarat,GJ_Anand,Anand,111,9,91,11,0,3,3,0,0,NA,NA
160,GJ,Gujarat,GJ_Aravalli,Aravalli,121,2,112,7,0,1,0,1,0,NA,NA
161,GJ,Gujarat,GJ_Banaskantha,Banaskantha,142,35,101,6,0,6,4,1,1,NA,NA
162,GJ,Gujarat,GJ_Bharuch,Bharuch,56,18,34,4,0,2,1,0,1,NA,NA
163,GJ,Gujarat,GJ_Bhavnagar,Bhavnagar,140,23,107,10,0,2,1,1,0,NA,NA
164,GJ,Gujarat,GJ_Botad,Botad,60,3,55,2,0,0,0,0,0,NA,NA
165,GJ,Gujarat,GJ_Chhota Udaipur,Chhota Udaipur,37,14,23,0,0,0,0,0,0,NA,NA
167,GJ,Gujarat,GJ_Dahod,Dahod,46,14,32,0,0,1,1,0,0,NA,NA
187,GJ,Gujarat,GJ_Dang,Dang,4,2,2,0,0,0,0,0,0,NA,NA
166,GJ,Gujarat,GJ_Devbhumi Dwarka,Devbhumi Dwarka,15,4,11,0,0,0,0,0,0,NA,NA
168,GJ,Gujarat,GJ_Gandhinagar,Gandhinagar,420,216,188,16,0,19,11,7,1,NA,NA
169,GJ,Gujarat,GJ_Gir Somnath,Gir Somnath,47,2,45,0,0,0,-1,1,0,NA,NA
170,GJ,Gujarat,GJ_Jamnagar,Jamnagar,61,15,43,3,0,0,0,0,0,NA,NA
171,GJ,Gujarat,GJ_Junagadh,Junagadh,32,4,27,1,0,0,0,0,0,NA,NA
173,GJ,Gujarat,GJ_Kheda,Kheda,100,37,59,4,0,4,4,0,0,NA,NA
172,GJ,Gujarat,GJ_Kutch,Kutch,78,12,61,5,0,1,-5,5,1,NA,NA
175,GJ,Gujarat,GJ_Mahisagar,Mahisagar,116,7,107,2,0,0,0,0,0,NA,NA
174,GJ,Gujarat,GJ_Mehsana,Mehsana,159,68,84,7,0,6,4,1,1,NA,NA
176,GJ,Gujarat,GJ_Morbi,Morbi,4,1,3,0,0,0,0,0,0,NA,NA
177,GJ,Gujarat,GJ_Narmada,Narmada,23,5,18,0,0,0,0,0,0,NA,NA
178,GJ,Gujarat,GJ_Navsari,Navsari,32,16,15,1,0,1,0,1,0,NA,NA
179,GJ,Gujarat,GJ_Panchmahal,Panchmahal,101,13,77,11,0,0,-4,3,1,NA,NA
180,GJ,Gujarat,GJ_Patan,Patan,103,26,70,7,0,5,3,2,0,NA,NA
181,GJ,Gujarat,GJ_Porbandar,Porbandar,12,4,6,2,0,0,0,0,0,NA,NA
182,GJ,Gujarat,GJ_Rajkot,Rajkot,131,51,76,4,0,3,-1,3,1,NA,NA
183,GJ,Gujarat,GJ_Sabarkantha,Sabarkantha,117,26,88,3,0,0,0,0,0,NA,NA
184,GJ,Gujarat,GJ_Surat,Surat,2098,664,1354,80,0,64,26,36,2,NA,NA
185,GJ,Gujarat,GJ_Surendranagar,Surendranagar,50,20,28,2,0,4,-3,7,0,NA,NA
186,GJ,Gujarat,GJ_Tapi,Tapi,6,1,5,0,0,0,0,0,0,NA,NA
188,GJ,Gujarat,GJ_Vadodara,Vadodara,1293,481,769,43,0,35,10,25,0,NA,NA
189,GJ,Gujarat,GJ_Valsad,Valsad,55,27,26,2,0,2,2,0,0,NA,NA
212,HP,Himachal Pradesh,HP_Bilaspur,Bilaspur,22,10,12,0,0,1,-2,3,0,NA,NA
213,HP,Himachal Pradesh,HP_Chamba,Chamba,32,13,19,0,0,2,-2,4,0,NA,NA
214,HP,Himachal Pradesh,HP_Hamirpur,Hamirpur,123,55,67,1,0,2,-7,9,0,NA,NA
215,HP,Himachal Pradesh,HP_Kangra,Kangra,109,49,59,1,0,4,-5,9,0,NA,NA
216,HP,Himachal Pradesh,HP_Kinnaur,Kinnaur,2,2,0,0,0,0,0,0,0,NA,NA
217,HP,Himachal Pradesh,HP_Kullu,Kullu,4,3,1,0,0,0,0,0,0,NA,NA
218,HP,Himachal Pradesh,HP_Lahaul and Spiti,Lahaul and Spiti,0,0,0,0,0,0,0,0,0,NA,NA
219,HP,Himachal Pradesh,HP_Mandi,Mandi,21,10,9,2,0,1,1,0,0,NA,NA
220,HP,Himachal Pradesh,HP_Shimla,Shimla,13,4,8,1,0,1,1,0,0,NA,NA
221,HP,Himachal Pradesh,HP_Sirmaur,Sirmaur,11,8,3,0,0,0,0,0,0,NA,NA
222,HP,Himachal Pradesh,HP_Solan,Solan,32,16,12,1,3,0,-1,1,0,NA,NA
223,HP,Himachal Pradesh,HP_Una,Una,42,13,29,0,0,0,-3,3,0,NA,NA
0,HR,Haryana,HR_Foreign Evacuees,Foreign Evacuees,21,19,2,0,0,0,0,0,0,NA,NA
190,HR,Haryana,HR_Ambala,Ambala,87,32,53,2,0,7,1,6,0,NA,NA
191,HR,Haryana,HR_Bhiwani,Bhiwani,72,61,11,0,0,15,10,5,0,NA,NA
192,HR,Haryana,HR_Charkhi Dadri,Charkhi Dadri,35,34,1,0,0,0,0,0,0,NA,NA
193,HR,Haryana,HR_Faridabad,Faridabad,676,480,183,13,0,56,53,0,3,NA,NA
194,HR,Haryana,HR_Fatehabad,Fatehabad,43,31,12,0,0,5,2,3,0,NA,NA
195,HR,Haryana,HR_Gurugram,Gurugram,1922,1467,451,4,0,230,122,108,0,NA,NA
196,HR,Haryana,HR_Hisar,Hisar,86,58,28,0,0,4,-2,6,0,NA,NA
0,HR,Haryana,HR_Italians,Italians,14,0,14,0,0,0,0,0,0,NA,NA
197,HR,Haryana,HR_Jhajjar,Jhajjar,109,13,96,0,0,2,2,0,0,NA,NA
198,HR,Haryana,HR_Jind,Jind,39,11,26,2,0,1,1,0,0,NA,NA
199,HR,Haryana,HR_Kaithal,Kaithal,44,33,11,0,0,1,-3,4,0,NA,NA
200,HR,Haryana,HR_Karnal,Karnal,99,57,41,1,0,8,7,1,0,NA,NA
201,HR,Haryana,HR_Kurukshetra,Kurukshetra,52,22,30,0,0,1,-4,5,0,NA,NA
202,HR,Haryana,HR_Mahendragarh,Mahendragarh,102,65,37,0,0,25,21,4,0,NA,NA
203,HR,Haryana,HR_Nuh,Nuh,102,31,71,0,0,17,12,5,0,NA,NA
204,HR,Haryana,HR_Palwal,Palwal,124,70,54,0,0,5,-1,6,0,NA,NA
205,HR,Haryana,HR_Panchkula,Panchkula,33,7,26,0,0,5,5,0,0,NA,NA
206,HR,Haryana,HR_Panipat,Panipat,83,28,51,4,0,11,10,0,1,NA,NA
207,HR,Haryana,HR_Rewari,Rewari,48,36,12,0,0,3,3,0,0,NA,NA
208,HR,Haryana,HR_Rohtak,Rohtak,162,105,56,1,0,25,-16,41,0,NA,NA
209,HR,Haryana,HR_Sirsa,Sirsa,52,17,35,0,0,1,1,0,0,NA,NA
210,HR,Haryana,HR_Sonipat,Sonipat,423,258,164,1,0,73,73,0,0,NA,NA
211,HR,Haryana,HR_Yamunanagar,Yamunanagar,20,11,9,0,0,1,1,0,0,NA,NA
246,JH,Jharkhand,JH_Bokaro,Bokaro,26,5,20,1,0,1,1,0,0,NA,NA
247,JH,Jharkhand,JH_Chatra,Chatra,1,0,1,0,0,0,0,0,0,NA,NA
248,JH,Jharkhand,JH_Deoghar,Deoghar,5,0,5,0,0,0,0,0,0,NA,NA
249,JH,Jharkhand,JH_Dhanbad,Dhanbad,78,26,52,0,0,7,7,0,0,NA,NA
250,JH,Jharkhand,JH_Dumka,Dumka,4,0,4,0,0,0,0,0,0,NA,NA
264,JH,Jharkhand,JH_East Singhbhum,East Singhbhum,179,146,33,0,0,8,8,0,0,NA,NA
251,JH,Jharkhand,JH_Garhwa,Garhwa,81,23,58,0,0,3,3,0,0,NA,NA
252,JH,Jharkhand,JH_Giridih,Giridih,21,0,20,1,0,0,0,0,0,NA,NA
253,JH,Jharkhand,JH_Godda,Godda,1,0,1,0,0,0,0,0,0,NA,NA
254,JH,Jharkhand,JH_Gumla,Gumla,41,40,1,0,0,4,4,0,0,NA,NA
255,JH,Jharkhand,JH_Hazaribagh,Hazaribagh,119,67,52,0,0,3,3,0,0,NA,NA
256,JH,Jharkhand,JH_Jamtara,Jamtara,10,8,2,0,0,8,8,0,0,NA,NA
257,JH,Jharkhand,JH_Khunti,Khunti,10,8,2,0,0,1,1,0,0,NA,NA
258,JH,Jharkhand,JH_Koderma,Koderma,62,30,31,1,0,2,2,0,0,NA,NA
259,JH,Jharkhand,JH_Latehar,Latehar,26,19,7,0,0,3,3,0,0,NA,NA
260,JH,Jharkhand,JH_Lohardaga,Lohardaga,18,12,6,0,0,11,7,4,0,NA,NA
261,JH,Jharkhand,JH_Pakur,Pakur,5,2,3,0,0,0,0,0,0,NA,NA
262,JH,Jharkhand,JH_Palamu,Palamu,29,11,18,0,0,0,0,0,0,NA,NA
265,JH,Jharkhand,JH_Ramgarh,Ramgarh,83,73,10,0,0,6,6,0,0,NA,NA
266,JH,Jharkhand,JH_Ranchi,Ranchi,146,21,121,4,0,2,2,0,0,NA,NA
267,JH,Jharkhand,JH_Sahibganj,Sahibganj,3,3,0,0,0,0,0,0,0,NA,NA
268,JH,Jharkhand,JH_Saraikela-Kharsawan,Saraikela-Kharsawan,22,17,5,0,0,2,2,0,0,NA,NA
269,JH,Jharkhand,JH_Simdega,Simdega,111,79,32,0,0,13,0,13,0,NA,NA
263,JH,Jharkhand,JH_West Singhbhum,West Singhbhum,22,16,6,0,0,1,1,0,0,NA,NA
224,JK,Jammu and Kashmir,JK_Anantnag,Anantnag,445,277,163,5,0,59,59,0,0,NA,NA
226,JK,Jammu and Kashmir,JK_Bandipora,Bandipora,215,78,136,1,0,21,21,0,0,NA,NA
227,JK,Jammu and Kashmir,JK_Baramulla,Baramulla,449,337,105,7,0,132,132,0,0,NA,NA
225,JK,Jammu and Kashmir,JK_Budgam,Budgam,160,88,70,2,0,18,18,0,0,NA,NA
228,JK,Jammu and Kashmir,JK_Doda,Doda,41,39,1,1,0,5,5,0,0,NA,NA
229,JK,Jammu and Kashmir,JK_Ganderbal,Ganderbal,56,30,26,0,0,14,14,0,0,NA,NA
230,JK,Jammu and Kashmir,JK_Jammu,Jammu,222,149,70,3,0,22,19,3,0,NA,NA
231,JK,Jammu and Kashmir,JK_Kathua,Kathua,107,69,38,0,0,2,0,2,0,NA,NA
232,JK,Jammu and Kashmir,JK_Kishtwar,Kishtwar,17,13,4,0,0,0,0,0,0,NA,NA
233,JK,Jammu and Kashmir,JK_Kulgam,Kulgam,528,394,130,4,0,161,82,79,0,NA,NA
234,JK,Jammu and Kashmir,JK_Kupwara,Kupwara,338,241,95,2,0,7,7,0,0,NA,NA
235,JK,Jammu and Kashmir,JK_Mirpur,Mirpur,0,0,0,0,0,0,0,0,0,NA,NA
236,JK,Jammu and Kashmir,JK_Muzaffarabad,Muzaffarabad,0,0,0,0,0,0,0,0,0,NA,NA
237,JK,Jammu and Kashmir,JK_Pulwama,Pulwama,181,166,15,0,0,60,58,2,0,NA,NA
238,JK,Jammu and Kashmir,JK_Punch,Punch,69,66,3,0,0,1,1,0,0,NA,NA
239,JK,Jammu and Kashmir,JK_Rajouri,Rajouri,56,50,6,0,0,4,3,1,0,NA,NA
240,JK,Jammu and Kashmir,JK_Ramban,Ramban,168,148,20,0,0,0,0,0,0,NA,NA
241,JK,Jammu and Kashmir,JK_Reasi,Reasi,20,17,3,0,0,0,0,0,0,NA,NA
242,JK,Jammu and Kashmir,JK_Samba,Samba,59,36,23,0,0,2,2,0,0,NA,NA
243,JK,Jammu and Kashmir,JK_Shopiyan,Shopiyan,370,233,133,4,0,24,24,0,0,NA,NA
244,JK,Jammu and Kashmir,JK_Srinagar,Srinagar,456,302,143,11,0,87,85,0,2,NA,NA
245,JK,Jammu and Kashmir,JK_Udhampur,Udhampur,130,97,32,1,0,1,-2,3,0,NA,NA
270,KA,Karnataka,KA_Bagalkote,Bagalkote,91,14,76,1,0,0,-2,2,0,NA,NA
271,KA,Karnataka,KA_Ballari,Ballari,60,16,43,1,0,6,6,0,0,NA,NA
272,KA,Karnataka,KA_Belagavi,Belagavi,301,149,151,1,0,38,11,27,0,NA,NA
274,KA,Karnataka,KA_Bengaluru Rural,Bengaluru Rural,36,24,11,1,0,5,5,0,0,NA,NA
273,KA,Karnataka,KA_Bengaluru Urban,Bengaluru Urban,475,161,298,15,1,23,-1,22,2,NA,NA
275,KA,Karnataka,KA_Bidar,Bidar,222,119,97,6,0,7,-16,23,0,NA,NA
276,KA,Karnataka,KA_Chamarajanagara,Chamarajanagara,0,0,0,0,0,0,0,0,0,NA,NA
277,KA,Karnataka,KA_Chikkaballapura,Chikkaballapura,150,56,91,3,0,0,-17,17,0,NA,NA
278,KA,Karnataka,KA_Chikkamagaluru,Chikkamagaluru,18,0,18,0,0,0,3,-3,0,NA,NA
279,KA,Karnataka,KA_Chitradurga,Chitradurga,40,17,23,0,0,0,1,-1,0,NA,NA
280,KA,Karnataka,KA_Dakshina Kannada,Dakshina Kannada,184,101,76,6,1,17,13,4,0,NA,NA
281,KA,Karnataka,KA_Davanagere,Davanagere,203,47,150,6,0,17,16,1,0,NA,NA
282,KA,Karnataka,KA_Dharwad,Dharwad,60,29,31,0,0,3,4,-1,0,NA,NA
283,KA,Karnataka,KA_Gadag,Gadag,43,8,33,2,0,2,-5,7,0,NA,NA
284,KA,Karnataka,KA_Hassan,Hassan,208,103,105,0,0,5,5,0,0,NA,NA
285,KA,Karnataka,KA_Haveri,Haveri,22,16,6,0,0,0,-3,3,0,NA,NA
286,KA,Karnataka,KA_Kalaburagi,Kalaburagi,660,487,166,7,0,39,40,-1,0,NA,NA
287,KA,Karnataka,KA_Kodagu,Kodagu,3,2,1,0,0,0,0,0,0,NA,NA
288,KA,Karnataka,KA_Kolar,Kolar,30,14,16,0,0,0,0,0,0,NA,NA
289,KA,Karnataka,KA_Koppal,Koppal,5,2,3,0,0,0,0,0,0,NA,NA
290,KA,Karnataka,KA_Mandya,Mandya,334,123,211,0,0,1,-40,41,0,NA,NA
291,KA,Karnataka,KA_Mysuru,Mysuru,97,6,91,0,0,0,0,0,0,NA,NA
0,KA,Karnataka,KA_Other State,Other State,34,6,27,1,0,0,-2,2,0,NA,NA
292,KA,Karnataka,KA_Raichur,Raichur,359,305,53,1,0,1,-15,16,0,NA,NA
293,KA,Karnataka,KA_Ramanagara,Ramanagara,4,3,1,0,0,0,0,0,0,NA,NA
294,KA,Karnataka,KA_Shivamogga,Shivamogga,65,37,28,0,0,12,12,0,0,NA,NA
295,KA,Karnataka,KA_Tumakuru,Tumakuru,33,9,22,2,0,0,0,0,0,NA,NA
296,KA,Karnataka,KA_Udupi,Udupi,902,798,103,1,0,13,13,0,0,NA,NA
297,KA,Karnataka,KA_Uttara Kannada,Uttara Kannada,96,32,64,0,0,2,-4,6,0,NA,NA
298,KA,Karnataka,KA_Vijayapura,Vijayapura,202,128,68,6,0,9,16,-7,0,NA,NA
299,KA,Karnataka,KA_Yadgir,Yadgir,515,445,69,1,0,39,38,1,0,NA,NA
0,KL,Kerala,KL_Other State,Other State,2,2,0,0,0,0,0,0,0,NA,NA
300,KL,Kerala,KL_Alappuzha,Alappuzha,90,74,15,1,0,7,4,3,0,NA,NA
301,KL,Kerala,KL_Ernakulam,Ernakulam,76,37,38,1,0,0,0,0,0,NA,NA
302,KL,Kerala,KL_Idukki,Idukki,49,24,25,0,0,1,1,0,0,NA,NA
303,KL,Kerala,KL_Kannur,Kannur,261,114,145,2,0,2,-3,5,0,NA,NA
304,KL,Kerala,KL_Kasaragod,Kasaragod,329,110,219,0,0,3,-3,6,0,NA,NA
305,KL,Kerala,KL_Kollam,Kollam,119,90,28,1,0,9,6,3,0,NA,NA
306,KL,Kerala,KL_Kottayam,Kottayam,70,30,39,1,0,3,2,1,0,NA,NA
307,KL,Kerala,KL_Kozhikode,Kozhikode,102,49,52,1,0,6,5,1,0,NA,NA
308,KL,Kerala,KL_Malappuram,Malappuram,203,141,59,3,0,27,26,1,0,NA,NA
309,KL,Kerala,KL_Palakkad,Palakkad,231,165,65,1,0,6,1,5,0,NA,NA
310,KL,Kerala,KL_Pathanamthitta,Pathanamthitta,102,79,23,0,0,13,12,1,0,NA,NA
311,KL,Kerala,KL_Thiruvananthapuram,Thiruvananthapuram,102,67,32,3,0,4,3,1,0,NA,NA
312,KL,Kerala,KL_Thrissur,Thrissur,137,96,40,1,0,26,12,14,0,NA,NA
313,KL,Kerala,KL_Wayanad,Wayanad,42,18,23,1,0,0,0,0,0,NA,NA
314,LA,Ladakh,LA_Kargil,Kargil,53,40,13,0,0,0,0,0,0,NA,NA
315,LA,Ladakh,LA_Leh,Leh,46,8,37,1,0,0,0,0,0,NA,NA
316,LD,Lakshadweep,LD_Lakshadweep,Lakshadweep,0,0,0,0,0,0,0,0,0,NA,NA
369,MH,Maharashtra,MH_Ahmednagar,Ahmednagar,203,94,101,8,0,13,1,12,0,NA,NA
370,MH,Maharashtra,MH_Akola,Akola,778,303,439,36,0,16,15,0,1,NA,NA
371,MH,Maharashtra,MH_Amravati,Amravati,293,108,167,18,0,4,3,1,0,NA,NA
372,MH,Maharashtra,MH_Aurangabad,Aurangabad,1965,684,1189,92,0,104,96,8,0,NA,NA
374,MH,Maharashtra,MH_Beed,Beed,55,15,39,1,0,2,1,1,0,NA,NA
373,MH,Maharashtra,MH_Bhandara,Bhandara,39,15,24,0,0,0,-6,6,0,NA,NA
375,MH,Maharashtra,MH_Buldhana,Buldhana,87,36,48,3,0,1,1,0,0,NA,NA
376,MH,Maharashtra,MH_Chandrapur,Chandrapur,32,7,25,0,0,1,1,0,0,NA,NA
377,MH,Maharashtra,MH_Dhule,Dhule,238,99,118,21,0,7,-3,10,0,NA,NA
378,MH,Maharashtra,MH_Gadchiroli,Gadchiroli,42,15,27,0,0,1,-1,2,0,NA,NA
379,MH,Maharashtra,MH_Gondia,Gondia,68,10,58,0,0,0,-1,1,0,NA,NA
380,MH,Maharashtra,MH_Hingoli,Hingoli,213,50,163,0,0,7,7,0,0,NA,NA
381,MH,Maharashtra,MH_Jalgaon,Jalgaon,1049,489,451,109,0,86,46,40,0,NA,NA
382,MH,Maharashtra,MH_Jalna,Jalna,188,64,120,4,0,11,-25,35,1,NA,NA
383,MH,Maharashtra,MH_Kolhapur,Kolhapur,647,304,335,8,0,9,6,1,2,NA,NA
384,MH,Maharashtra,MH_Latur,Latur,137,31,102,4,0,2,-6,8,0,NA,NA
385,MH,Maharashtra,MH_Mumbai,Mumbai,48774,25946,21190,1638,0,1420,146,1213,61,NA,NA
386,MH,Maharashtra,MH_Mumbai Suburban,Mumbai Suburban,0,0,0,0,0,0,0,0,0,NA,NA
387,MH,Maharashtra,MH_Nagpur,Nagpur,747,302,434,11,0,9,-9,18,0,NA,NA
388,MH,Maharashtra,MH_Nanded,Nanded,169,54,108,7,0,1,-3,4,0,NA,NA
389,MH,Maharashtra,MH_Nandurbar,Nandurbar,40,8,28,4,0,0,0,0,0,NA,NA
390,MH,Maharashtra,MH_Nashik,Nashik,1521,405,1027,89,0,109,93,15,1,NA,NA
391,MH,Maharashtra,MH_Osmanabad,Osmanabad,124,62,59,3,0,6,5,1,0,NA,NA
0,MH,Maharashtra,MH_Other State,Other State,72,53,0,19,0,7,6,0,1,NA,NA
392,MH,Maharashtra,MH_Palghar,Palghar,1485,838,607,40,0,99,72,26,1,NA,NA
393,MH,Maharashtra,MH_Parbhani,Parbhani,78,29,46,3,0,0,0,0,0,NA,NA
394,MH,Maharashtra,MH_Pune,Pune,9705,3783,5516,406,0,416,89,321,6,NA,NA
395,MH,Maharashtra,MH_Raigad,Raigad,1441,651,735,55,0,30,12,18,0,NA,NA
396,MH,Maharashtra,MH_Ratnagiri,Ratnagiri,354,185,159,10,0,2,1,1,0,NA,NA
397,MH,Maharashtra,MH_Sangli,Sangli,150,58,88,4,0,5,3,2,0,NA,NA
398,MH,Maharashtra,MH_Satara,Satara,630,294,309,27,0,4,-14,18,0,NA,NA
399,MH,Maharashtra,MH_Sindhudurg,Sindhudurg,113,95,18,0,0,0,-1,1,0,NA,NA
400,MH,Maharashtra,MH_Solapur,Solapur,1343,619,620,104,0,82,74,0,8,NA,NA
401,MH,Maharashtra,MH_Thane,Thane,13014,7847,4836,331,0,550,391,150,9,NA,NA
402,MH,Maharashtra,MH_Wardha,Wardha,11,3,7,1,0,2,2,0,0,NA,NA
403,MH,Maharashtra,MH_Washim,Washim,10,2,6,2,0,1,1,0,0,NA,NA
404,MH,Maharashtra,MH_Yavatmal,Yavatmal,160,43,115,2,0,0,-11,11,0,NA,NA
421,ML,Meghalaya,ML_East Garo Hills,East Garo Hills,0,0,0,0,0,0,0,0,0,NA,NA
422,ML,Meghalaya,ML_East Jaintia Hills,East Jaintia Hills,0,0,0,0,0,0,0,0,0,NA,NA
423,ML,Meghalaya,ML_East Khasi Hills,East Khasi Hills,19,5,13,1,0,3,3,0,0,NA,NA
424,ML,Meghalaya,ML_North Garo Hills,North Garo Hills,1,1,0,0,0,0,0,0,0,NA,NA
425,ML,Meghalaya,ML_Ribhoi,Ribhoi,0,0,0,0,0,0,0,0,0,NA,NA
426,ML,Meghalaya,ML_South Garo Hills,South Garo Hills,0,0,0,0,0,0,0,0,0,NA,NA
427,ML,Meghalaya,ML_South West Garo Hills,South West Garo Hills,4,4,0,0,0,0,0,0,0,NA,NA
428,ML,Meghalaya,ML_South West Khasi Hills,South West Khasi Hills,0,0,0,0,0,0,0,0,0,NA,NA
429,ML,Meghalaya,ML_West Garo Hills,West Garo Hills,5,5,0,0,0,0,0,0,0,NA,NA
430,ML,Meghalaya,ML_West Jaintia Hills,West Jaintia Hills,1,1,0,0,0,0,0,0,0,NA,NA
431,ML,Meghalaya,ML_West Khasi Hills,West Khasi Hills,1,1,0,0,0,0,0,0,0,NA,NA
405,MN,Manipur,MN_Bishnupur,Bishnupur,4,3,1,0,0,0,0,0,0,NA,NA
406,MN,Manipur,MN_Chandel,Chandel,2,2,0,0,0,0,0,0,0,NA,NA
407,MN,Manipur,MN_Churachandpur,Churachandpur,29,26,3,0,0,0,0,0,0,NA,NA
408,MN,Manipur,MN_Imphal East,Imphal East,10,-2,12,0,0,0,0,0,0,NA,NA
409,MN,Manipur,MN_Imphal West,Imphal West,27,22,5,0,0,1,1,0,0,NA,NA
410,MN,Manipur,MN_Jiribam,Jiribam,0,0,0,0,0,0,0,0,0,NA,NA
411,MN,Manipur,MN_Kakching,Kakching,2,2,0,0,0,0,0,0,0,NA,NA
412,MN,Manipur,MN_Kamjong,Kamjong,2,0,2,0,0,0,0,0,0,NA,NA
413,MN,Manipur,MN_Kangpokpi,Kangpokpi,22,22,0,0,0,3,3,0,0,NA,NA
414,MN,Manipur,MN_Noney,Noney,3,2,1,0,0,0,0,0,0,NA,NA
415,MN,Manipur,MN_Pherzawl,Pherzawl,3,3,0,0,0,0,0,0,0,NA,NA
416,MN,Manipur,MN_Senapati,Senapati,5,5,0,0,0,0,0,0,0,NA,NA
417,MN,Manipur,MN_Tamenglong,Tamenglong,5,4,1,0,0,0,0,0,0,NA,NA
418,MN,Manipur,MN_Tengnoupal,Tengnoupal,7,7,0,0,0,0,0,0,0,NA,NA
419,MN,Manipur,MN_Thoubal,Thoubal,10,6,4,0,0,6,6,0,0,NA,NA
420,MN,Manipur,MN_Ukhrul,Ukhrul,10,8,2,0,0,5,5,0,0,NA,NA
317,MP,Madhya Pradesh,MP_Agar Malwa,Agar Malwa,15,2,12,1,0,1,1,0,0,NA,NA
318,MP,Madhya Pradesh,MP_Alirajpur,Alirajpur,3,0,3,0,0,0,0,0,0,NA,NA
319,MP,Madhya Pradesh,MP_Anuppur,Anuppur,23,18,5,0,0,0,-2,2,0,NA,NA
320,MP,Madhya Pradesh,MP_Ashoknagar,Ashoknagar,13,1,11,1,0,0,0,0,0,NA,NA
321,MP,Madhya Pradesh,MP_Balaghat,Balaghat,7,5,2,0,0,0,0,0,0,NA,NA
322,MP,Madhya Pradesh,MP_Barwani,Barwani,58,9,48,1,0,4,-2,6,0,NA,NA
323,MP,Madhya Pradesh,MP_Betul,Betul,35,12,23,0,0,0,-2,2,0,NA,NA
324,MP,Madhya Pradesh,MP_Bhind,Bhind,90,57,33,0,0,6,6,0,0,NA,NA
325,MP,Madhya Pradesh,MP_Bhopal,Bhopal,1772,459,1249,64,0,39,-16,52,3,NA,NA
326,MP,Madhya Pradesh,MP_Burhanpur,Burhanpur,331,41,272,18,0,0,-1,0,1,NA,NA
327,MP,Madhya Pradesh,MP_Chhatarpur,Chhatarpur,36,16,20,0,0,2,-1,3,0,NA,NA
328,MP,Madhya Pradesh,MP_Chhindwara,Chhindwara,16,11,4,1,0,0,0,0,0,NA,NA
329,MP,Madhya Pradesh,MP_Damoh,Damoh,26,8,18,0,0,0,-2,2,0,NA,NA
330,MP,Madhya Pradesh,MP_Datia,Datia,11,4,6,1,0,0,0,0,0,NA,NA
331,MP,Madhya Pradesh,MP_Dewas,Dewas,129,46,74,9,0,7,6,1,0,NA,NA
332,MP,Madhya Pradesh,MP_Dhar,Dhar,128,7,117,4,0,0,-6,6,0,NA,NA
333,MP,Madhya Pradesh,MP_Dindori,Dindori,29,24,5,0,0,0,0,0,0,NA,NA
335,MP,Madhya Pradesh,MP_Guna,Guna,7,5,2,0,0,0,-1,1,0,NA,NA
336,MP,Madhya Pradesh,MP_Gwalior,Gwalior,198,81,115,2,0,12,2,10,0,NA,NA
337,MP,Madhya Pradesh,MP_Harda,Harda,3,0,3,0,0,0,0,0,0,NA,NA
338,MP,Madhya Pradesh,MP_Hoshangabad,Hoshangabad,37,0,34,3,0,0,0,0,0,NA,NA
339,MP,Madhya Pradesh,MP_Indore,Indore,3749,1203,2390,156,0,27,-42,66,3,NA,NA
340,MP,Madhya Pradesh,MP_Jabalpur,Jabalpur,272,62,200,10,0,4,2,2,0,NA,NA
341,MP,Madhya Pradesh,MP_Jhabua,Jhabua,13,0,12,1,0,0,0,0,0,NA,NA
342,MP,Madhya Pradesh,MP_Katni,Katni,3,3,0,0,0,0,0,0,0,NA,NA
334,MP,Madhya Pradesh,MP_Khandwa,Khandwa,264,27,220,17,0,4,0,2,2,NA,NA
368,MP,Madhya Pradesh,MP_Khargone,Khargone,194,56,125,13,0,10,10,0,0,NA,NA
343,MP,Madhya Pradesh,MP_Mandla,Mandla,5,3,1,1,0,0,0,0,0,NA,NA
344,MP,Madhya Pradesh,MP_Mandsaur,Mandsaur,94,3,82,9,0,0,-2,1,1,NA,NA
345,MP,Madhya Pradesh,MP_Morena,Morena,117,29,87,1,0,10,10,0,0,NA,NA
346,MP,Madhya Pradesh,MP_Narsinghpur,Narsinghpur,17,14,3,0,0,0,0,0,0,NA,NA
347,MP,Madhya Pradesh,MP_Neemuch,Neemuch,316,117,194,5,0,8,-28,36,0,NA,NA
348,MP,Madhya Pradesh,MP_Niwari,Niwari,0,0,0,0,0,0,0,0,0,NA,NA
0,MP,Madhya Pradesh,MP_Other Region,Other Region,0,0,0,0,0,0,0,0,0,NA,NA
349,MP,Madhya Pradesh,MP_Panna,Panna,20,11,9,0,0,0,0,0,0,NA,NA
350,MP,Madhya Pradesh,MP_Raisen,Raisen,71,3,65,3,0,2,2,0,0,NA,NA
351,MP,Madhya Pradesh,MP_Rajgarh,Rajgarh,20,10,7,3,0,0,-1,1,0,NA,NA
352,MP,Madhya Pradesh,MP_Ratlam,Ratlam,53,18,31,4,0,2,2,0,0,NA,NA
353,MP,Madhya Pradesh,MP_Rewa,Rewa,36,5,31,0,0,0,-4,4,0,NA,NA
354,MP,Madhya Pradesh,MP_Sagar,Sagar,227,74,142,11,0,4,3,0,1,NA,NA
355,MP,Madhya Pradesh,MP_Satna,Satna,22,1,19,2,0,0,0,0,0,NA,NA
356,MP,Madhya Pradesh,MP_Sehore,Sehore,11,5,4,2,0,0,0,0,0,NA,NA
357,MP,Madhya Pradesh,MP_Seoni,Seoni,2,0,2,0,0,0,0,0,0,NA,NA
358,MP,Madhya Pradesh,MP_Shahdol,Shahdol,13,6,7,0,0,0,-1,1,0,NA,NA
359,MP,Madhya Pradesh,MP_Shajapur,Shajapur,38,29,8,1,0,7,7,0,0,NA,NA
360,MP,Madhya Pradesh,MP_Sheopur,Sheopur,45,37,6,2,0,18,17,1,0,NA,NA
361,MP,Madhya Pradesh,MP_Shivpuri,Shivpuri,16,8,8,0,0,0,-2,2,0,NA,NA
362,MP,Madhya Pradesh,MP_Sidhi,Sidhi,17,11,6,0,0,0,0,0,0,NA,NA
363,MP,Madhya Pradesh,MP_Singrauli,Singrauli,12,5,7,0,0,0,0,0,0,NA,NA
364,MP,Madhya Pradesh,MP_Tikamgarh,Tikamgarh,15,7,7,1,0,0,0,0,0,NA,NA
365,MP,Madhya Pradesh,MP_Ujjain,Ujjain,725,82,579,64,0,6,-17,21,2,NA,NA
366,MP,Madhya Pradesh,MP_Umaria,Umaria,10,7,2,1,0,0,0,0,0,NA,NA
367,MP,Madhya Pradesh,MP_Vidisha,Vidisha,37,17,20,0,0,0,0,0,0,NA,NA
432,MZ,Mizoram,MZ_Aizawl,Aizawl,21,20,1,0,0,1,1,0,0,NA,NA
433,MZ,Mizoram,MZ_Champhai,Champhai,0,0,0,0,0,0,0,0,0,NA,NA
729,MZ,Mizoram,MZ_Hnahthial,Hnahthial,0,0,0,0,0,0,0,0,0,NA,NA
730,MZ,Mizoram,MZ_Khawzawl,Khawzawl,0,0,0,0,0,0,0,0,0,NA,NA
434,MZ,Mizoram,MZ_Kolasib,Kolasib,0,0,0,0,0,0,0,0,0,NA,NA
435,MZ,Mizoram,MZ_Lawngtlai,Lawngtlai,2,2,0,0,0,2,2,0,0,NA,NA
436,MZ,Mizoram,MZ_Lunglei,Lunglei,2,2,0,0,0,0,0,0,0,NA,NA
437,MZ,Mizoram,MZ_Mamit,Mamit,8,8,0,0,0,7,7,0,0,NA,NA
438,MZ,Mizoram,MZ_Saiha,Saiha,0,0,0,0,0,0,0,0,0,NA,NA
728,MZ,Mizoram,MZ_Saitual,Saitual,1,1,0,0,0,0,0,0,0,NA,NA
439,MZ,Mizoram,MZ_Serchhip,Serchhip,0,0,0,0,0,0,0,0,0,NA,NA
440,NL,Nagaland,NL_Dimapur,Dimapur,20,12,8,0,0,11,11,0,0,NA,NA
441,NL,Nagaland,NL_Kiphire,Kiphire,4,4,0,0,0,0,0,0,0,NA,NA
442,NL,Nagaland,NL_Kohima,Kohima,5,5,0,0,0,0,0,0,0,NA,NA
443,NL,Nagaland,NL_Longleng,Longleng,0,0,0,0,0,0,0,0,0,NA,NA
444,NL,Nagaland,NL_Mokokchung,Mokokchung,0,0,0,0,0,0,0,0,0,NA,NA
445,NL,Nagaland,NL_Mon,Mon,23,23,0,0,0,0,0,0,0,NA,NA
446,NL,Nagaland,NL_Peren,Peren,53,53,0,0,0,0,0,0,0,NA,NA
447,NL,Nagaland,NL_Phek,Phek,1,1,0,0,0,0,0,0,0,NA,NA
448,NL,Nagaland,NL_Tuensang,Tuensang,7,7,0,0,0,0,0,0,0,NA,NA
449,NL,Nagaland,NL_Wokha,Wokha,5,5,0,0,0,0,0,0,0,NA,NA
450,NL,Nagaland,NL_Zunheboto,Zunheboto,0,0,0,0,0,0,0,0,0,NA,NA
451,OR,Odisha,OR_Angul,Angul,33,8,25,0,0,2,2,0,0,NA,NA
452,OR,Odisha,OR_Balangir,Balangir,121,65,56,0,0,5,3,2,0,NA,NA
453,OR,Odisha,OR_Balasore,Balasore,190,45,144,1,0,0,-4,4,0,NA,NA
454,OR,Odisha,OR_Bargarh,Bargarh,16,14,2,0,0,0,0,0,0,NA,NA
456,OR,Odisha,OR_Bhadrak,Bhadrak,140,17,123,0,0,0,-17,17,0,NA,NA
455,OR,Odisha,OR_Boudh,Boudh,34,1,33,0,0,0,0,0,0,NA,NA
457,OR,Odisha,OR_Cuttack,Cuttack,172,85,86,1,0,5,3,2,0,NA,NA
458,OR,Odisha,OR_Deogarh,Deogarh,33,9,24,0,0,0,0,0,0,NA,NA
459,OR,Odisha,OR_Dhenkanal,Dhenkanal,35,20,15,0,0,2,-7,9,0,NA,NA
460,OR,Odisha,OR_Gajapati,Gajapati,61,28,33,0,0,0,-23,23,0,NA,NA
461,OR,Odisha,OR_Ganjam,Ganjam,598,184,410,4,0,1,-14,14,1,NA,NA
462,OR,Odisha,OR_Jagatsinghpur,Jagatsinghpur,89,39,50,0,0,2,1,1,0,NA,NA
463,OR,Odisha,OR_Jajpur,Jajpur,319,66,253,0,0,7,7,0,0,NA,NA
464,OR,Odisha,OR_Jharsuguda,Jharsuguda,8,1,7,0,0,0,-1,1,0,NA,NA
465,OR,Odisha,OR_Kalahandi,Kalahandi,27,12,15,0,0,0,0,0,0,NA,NA
466,OR,Odisha,OR_Kandhamal,Kandhamal,25,3,22,0,0,0,-9,9,0,NA,NA
467,OR,Odisha,OR_Kendrapara,Kendrapara,166,24,142,0,0,3,-7,10,0,NA,NA
468,OR,Odisha,OR_Kendujhar,Kendujhar,33,15,18,0,0,1,1,0,0,NA,NA
469,OR,Odisha,OR_Khordha,Khordha,244,106,133,5,0,18,-21,39,0,NA,NA
470,OR,Odisha,OR_Koraput,Koraput,16,9,7,0,0,2,2,0,0,NA,NA
471,OR,Odisha,OR_Malkangiri,Malkangiri,21,0,21,0,0,0,-2,2,0,NA,NA
472,OR,Odisha,OR_Mayurbhanj,Mayurbhanj,70,54,16,0,0,0,0,0,0,NA,NA
473,OR,Odisha,OR_Nabarangapur,Nabarangapur,2,0,2,0,0,0,-1,1,0,NA,NA
474,OR,Odisha,OR_Nayagarh,Nayagarh,87,22,65,0,0,4,-11,15,0,NA,NA
475,OR,Odisha,OR_Nuapada,Nuapada,69,33,36,0,0,1,-21,22,0,NA,NA
476,OR,Odisha,OR_Puri,Puri,101,16,85,0,0,1,0,1,0,NA,NA
477,OR,Odisha,OR_Rayagada,Rayagada,2,2,0,0,0,0,0,0,0,NA,NA
478,OR,Odisha,OR_Sambalpur,Sambalpur,16,8,8,0,0,0,0,0,0,NA,NA
479,OR,Odisha,OR_Subarnapur,Subarnapur,29,22,7,0,0,3,3,0,0,NA,NA
480,OR,Odisha,OR_Sundargarh,Sundargarh,99,43,56,0,0,18,12,6,0,NA,NA
485,PB,Punjab,PB_Amritsar,Amritsar,469,117,344,8,0,35,35,0,0,NA,NA
486,PB,Punjab,PB_Barnala,Barnala,26,4,21,1,0,1,1,0,0,NA,NA
487,PB,Punjab,PB_Bathinda,Bathinda,55,10,45,0,0,0,0,0,0,NA,NA
488,PB,Punjab,PB_Faridkot,Faridkot,72,11,61,0,0,3,3,0,0,NA,NA
489,PB,Punjab,PB_Fatehgarh Sahib,Fatehgarh Sahib,70,13,57,0,0,1,1,0,0,NA,NA
490,PB,Punjab,PB_Fazilka,Fazilka,47,5,42,0,0,1,1,0,0,NA,NA
491,PB,Punjab,PB_Ferozepur,Ferozepur,46,0,45,1,0,0,0,0,0,NA,NA
492,PB,Punjab,PB_Gurdaspur,Gurdaspur,151,16,132,3,0,3,3,0,0,NA,NA
493,PB,Punjab,PB_Hoshiarpur,Hoshiarpur,135,14,116,5,0,1,1,0,0,NA,NA
494,PB,Punjab,PB_Jalandhar,Jalandhar,293,65,220,8,0,23,19,4,0,NA,NA
495,PB,Punjab,PB_Kapurthala,Kapurthala,40,4,33,3,0,0,0,0,0,NA,NA
496,PB,Punjab,PB_Ludhiana,Ludhiana,242,77,155,10,0,10,9,0,1,NA,NA
497,PB,Punjab,PB_Mansa,Mansa,34,2,32,0,0,0,0,0,0,NA,NA
498,PB,Punjab,PB_Moga,Moga,66,2,64,0,0,0,0,0,0,NA,NA
499,PB,Punjab,PB_Pathankot,Pathankot,88,34,50,4,0,2,-5,7,0,NA,NA
500,PB,Punjab,PB_Patiala,Patiala,133,22,109,2,0,7,4,3,0,NA,NA
501,PB,Punjab,PB_Rupnagar,Rupnagar,71,11,59,1,0,0,0,0,0,NA,NA
502,PB,Punjab,PB_S.A.S. Nagar,S.A.S. Nagar,125,18,104,3,0,1,1,0,0,NA,NA
503,PB,Punjab,PB_Sangrur,Sangrur,109,13,96,0,0,5,5,0,0,NA,NA
504,PB,Punjab,PB_Shahid Bhagat Singh Nagar,Shahid Bhagat Singh Nagar,107,5,101,1,0,0,0,0,0,NA,NA
505,PB,Punjab,PB_Sri Muktsar Sahib,Sri Muktsar Sahib,70,4,66,0,0,0,0,0,0,NA,NA
506,PB,Punjab,PB_Tarn Taran,Tarn Taran,159,4,154,1,0,0,0,0,0,NA,NA
481,PY,Puducherry,PY_Karaikal,Karaikal,2,0,2,0,0,0,0,0,0,NA,NA
482,PY,Puducherry,PY_Mahe,Mahe,4,0,4,0,0,0,0,0,0,NA,NA
483,PY,Puducherry,PY_Puducherry,Puducherry,113,70,43,0,0,12,11,1,0,NA,NA
484,PY,Puducherry,PY_Yanam,Yanam,0,0,0,0,0,0,0,0,0,NA,NA
507,RJ,Rajasthan,RJ_Ajmer,Ajmer,365,46,310,9,0,2,-5,7,0,NA,NA
508,RJ,Rajasthan,RJ_Alwar,Alwar,83,29,52,2,0,1,1,0,0,NA,NA
509,RJ,Rajasthan,RJ_Banswara,Banswara,86,1,83,2,0,1,1,0,0,NA,NA
510,RJ,Rajasthan,RJ_Baran,Baran,59,48,8,3,0,1,0,0,1,NA,NA
511,RJ,Rajasthan,RJ_Barmer,Barmer,106,22,84,0,0,0,-1,1,0,NA,NA
512,RJ,Rajasthan,RJ_Bharatpur,Bharatpur,672,476,189,7,0,63,24,39,0,NA,NA
513,RJ,Rajasthan,RJ_Bhilwara,Bhilwara,170,42,125,3,0,4,-16,20,0,NA,NA
514,RJ,Rajasthan,RJ_Bikaner,Bikaner,110,22,84,4,0,0,0,0,0,NA,NA
0,RJ,Rajasthan,RJ_BSF Camp,BSF Camp,50,0,50,0,0,0,0,0,0,NA,NA
515,RJ,Rajasthan,RJ_Bundi,Bundi,5,5,0,0,0,1,1,0,0,NA,NA
516,RJ,Rajasthan,RJ_Chittorgarh,Chittorgarh,195,22,169,4,0,4,1,3,0,NA,NA
517,RJ,Rajasthan,RJ_Churu,Churu,154,66,87,1,0,2,2,0,0,NA,NA
518,RJ,Rajasthan,RJ_Dausa,Dausa,69,22,46,1,0,5,5,0,0,NA,NA
519,RJ,Rajasthan,RJ_Dholpur,Dholpur,69,17,51,1,0,3,2,1,0,NA,NA
520,RJ,Rajasthan,RJ_Dungarpur,Dungarpur,374,70,304,0,0,0,0,0,0,NA,NA
0,RJ,Rajasthan,RJ_Evacuees,Evacuees,61,0,61,0,0,0,0,0,0,NA,NA
521,RJ,Rajasthan,RJ_Ganganagar,Ganganagar,8,2,6,0,0,1,1,0,0,NA,NA
522,RJ,Rajasthan,RJ_Hanumangarh,Hanumangarh,30,9,21,0,0,0,-2,2,0,NA,NA
0,RJ,Rajasthan,RJ_Italians,Italians,2,0,2,0,0,0,0,0,0,NA,NA
523,RJ,Rajasthan,RJ_Jaipur,Jaipur,2226,276,1838,112,0,38,-5,37,6,NA,NA
524,RJ,Rajasthan,RJ_Jaisalmer,Jaisalmer,74,7,67,0,0,0,0,0,0,NA,NA
525,RJ,Rajasthan,RJ_Jalore,Jalore,169,17,150,2,0,1,1,0,0,NA,NA
526,RJ,Rajasthan,RJ_Jhalawar,Jhalawar,327,90,237,0,0,1,-74,75,0,NA,NA
527,RJ,Rajasthan,RJ_Jhunjhunu,Jhunjhunu,161,25,135,1,0,3,0,3,0,NA,NA
528,RJ,Rajasthan,RJ_Jodhpur,Jodhpur,1843,545,1277,21,0,81,56,25,0,NA,NA
529,RJ,Rajasthan,RJ_Karauli,Karauli,29,15,11,3,0,0,0,0,0,NA,NA
530,RJ,Rajasthan,RJ_Kota,Kota,512,94,400,18,0,6,6,0,0,NA,NA
531,RJ,Rajasthan,RJ_Nagaur,Nagaur,503,92,402,9,0,9,-2,11,0,NA,NA
0,RJ,Rajasthan,RJ_Other State,Other State,34,22,0,12,0,6,6,0,0,NA,NA
532,RJ,Rajasthan,RJ_Pali,Pali,591,201,383,7,0,4,2,2,0,NA,NA
533,RJ,Rajasthan,RJ_Pratapgarh,Pratapgarh,14,1,12,1,0,0,0,0,0,NA,NA
534,RJ,Rajasthan,RJ_Rajsamand,Rajsamand,162,31,130,1,0,1,1,0,0,NA,NA
535,RJ,Rajasthan,RJ_Sawai Madhopur,Sawai Madhopur,40,18,17,5,0,1,0,0,1,NA,NA
536,RJ,Rajasthan,RJ_Sikar,Sikar,284,95,184,5,0,11,5,6,0,NA,NA
537,RJ,Rajasthan,RJ_Sirohi,Sirohi,200,96,101,3,0,5,-16,21,0,NA,NA
538,RJ,Rajasthan,RJ_Tonk,Tonk,175,11,163,1,0,6,6,0,0,NA,NA
539,RJ,Rajasthan,RJ_Udaipur,Udaipur,587,71,515,1,0,1,1,0,0,NA,NA
540,SK,Sikkim,SK_East Sikkim,East Sikkim,3,3,0,0,0,0,0,0,0,NA,NA
541,SK,Sikkim,SK_North Sikkim,North Sikkim,0,0,0,0,0,0,0,0,0,NA,NA
542,SK,Sikkim,SK_South Sikkim,South Sikkim,1,1,0,0,0,0,0,0,0,NA,NA
543,SK,Sikkim,SK_West Sikkim,West Sikkim,0,0,0,0,0,0,0,0,0,NA,NA
0,TG,Telangana,TG_Foreign Evacuees,Foreign Evacuees,33,33,0,0,0,0,0,0,0,NA,NA
0,TG,Telangana,TG_Other State,Other State,250,250,0,0,0,0,0,0,0,NA,NA
576,TG,Telangana,TG_Adilabad,Adilabad,30,15,15,0,0,0,0,0,0,NA,NA
577,TG,Telangana,TG_Bhadradri Kothagudem,Bhadradri Kothagudem,5,1,4,0,0,0,0,0,0,NA,NA
578,TG,Telangana,TG_Hyderabad,Hyderabad,2228,1900,305,23,0,132,132,0,0,NA,NA
579,TG,Telangana,TG_Jagtial,Jagtial,12,10,2,0,0,0,0,0,0,NA,NA
580,TG,Telangana,TG_Jangaon,Jangaon,6,5,1,0,0,0,0,0,0,NA,NA
581,TG,Telangana,TG_Jayashankar Bhupalapally,Jayashankar Bhupalapally,3,3,0,0,0,0,0,0,0,NA,NA
582,TG,Telangana,TG_Jogulamba Gadwal,Jogulamba Gadwal,46,20,25,1,0,0,0,0,0,NA,NA
583,TG,Telangana,TG_Kamareddy,Kamareddy,13,5,8,0,0,0,0,0,0,NA,NA
584,TG,Telangana,TG_Karimnagar,Karimnagar,23,7,16,0,0,1,1,0,0,NA,NA
585,TG,Telangana,TG_Khammam,Khammam,20,17,3,0,0,0,0,0,0,NA,NA
586,TG,Telangana,TG_Komaram Bheem,Komaram Bheem,13,11,2,0,0,0,0,0,0,NA,NA
587,TG,Telangana,TG_Mahabubabad,Mahabubabad,4,3,1,0,0,1,1,0,0,NA,NA
588,TG,Telangana,TG_Mahabubnagar,Mahabubnagar,27,19,8,0,0,0,0,0,0,NA,NA
589,TG,Telangana,TG_Mancherial,Mancherial,4,3,0,1,0,0,0,0,0,NA,NA
590,TG,Telangana,TG_Medak,Medak,12,8,4,0,0,0,0,0,0,NA,NA
591,TG,Telangana,TG_Medchal Malkajgiri,Medchal Malkajgiri,75,65,9,1,0,3,3,0,0,NA,NA
592,TG,Telangana,TG_Mulugu,Mulugu,2,0,2,0,0,0,0,0,0,NA,NA
593,TG,Telangana,TG_Nagarkurnool,Nagarkurnool,6,4,2,0,0,1,1,0,0,NA,NA
594,TG,Telangana,TG_Nalgonda,Nalgonda,23,11,12,0,0,0,0,0,0,NA,NA
595,TG,Telangana,TG_Narayanpet,Narayanpet,2,1,0,1,0,0,0,0,0,NA,NA
596,TG,Telangana,TG_Nirmal,Nirmal,26,13,13,0,0,0,0,0,0,NA,NA
597,TG,Telangana,TG_Nizamabad,Nizamabad,62,32,30,0,0,0,0,0,0,NA,NA
598,TG,Telangana,TG_Peddapalli,Peddapalli,3,2,1,0,0,0,0,0,0,NA,NA
599,TG,Telangana,TG_Rajanna Sircilla,Rajanna Sircilla,5,3,2,0,0,0,0,0,0,NA,NA
600,TG,Telangana,TG_Ranga Reddy,Ranga Reddy,167,148,17,2,0,12,12,0,0,NA,NA
601,TG,Telangana,TG_Sangareddy,Sangareddy,21,15,6,0,0,1,1,0,0,NA,NA
602,TG,Telangana,TG_Siddipet,Siddipet,3,2,1,0,0,1,1,0,0,NA,NA
603,TG,Telangana,TG_Suryapet,Suryapet,86,62,24,0,0,0,0,0,0,NA,NA
604,TG,Telangana,TG_Vikarabad,Vikarabad,40,24,15,1,0,0,0,0,0,NA,NA
605,TG,Telangana,TG_Wanaparthy,Wanaparthy,1,1,0,0,0,0,0,0,0,NA,NA
606,TG,Telangana,TG_Warangal Rural,Warangal Rural,0,0,0,0,0,0,0,0,0,NA,NA
607,TG,Telangana,TG_Warangal Urban,Warangal Urban,33,10,23,0,0,0,0,0,0,NA,NA
608,TG,Telangana,TG_Yadadri Bhuvanagiri,Yadadri Bhuvanagiri,9,9,0,0,0,2,2,0,0,NA,NA
0,TN,Tamil Nadu,TN_Railway Quarantine,Railway Quarantine,280,221,59,0,0,0,-3,3,0,NA,NA
0,TN,Tamil Nadu,TN_Airport Quarantine,Airport Quarantine,180,109,70,1,0,13,11,2,0,NA,NA
0,TN,Tamil Nadu,TN_Other State,Other State,0,-3,0,3,0,0,0,0,0,NA,NA
544,TN,Tamil Nadu,TN_Ariyalur,Ariyalur,380,20,360,0,0,1,1,0,0,NA,NA
732,TN,Tamil Nadu,TN_Chengalpattu,Chengalpattu,1853,1053,785,15,0,135,112,22,1,NA,NA
545,TN,Tamil Nadu,TN_Chennai,Chennai,22111,10944,10954,213,0,1156,759,382,15,NA,NA
546,TN,Tamil Nadu,TN_Coimbatore,Coimbatore,159,13,145,1,0,3,3,0,0,NA,NA
547,TN,Tamil Nadu,TN_Cuddalore,Cuddalore,482,38,443,1,0,6,2,4,0,NA,NA
548,TN,Tamil Nadu,TN_Dharmapuri,Dharmapuri,14,6,8,0,0,2,2,0,0,NA,NA
549,TN,Tamil Nadu,TN_Dindigul,Dindigul,167,41,124,2,0,11,11,0,0,NA,NA
550,TN,Tamil Nadu,TN_Erode,Erode,72,1,70,1,0,0,0,0,0,NA,NA
734,TN,Tamil Nadu,TN_Kallakurichi,Kallakurichi,275,122,153,0,0,8,8,0,0,NA,NA
551,TN,Tamil Nadu,TN_Kancheepuram,Kancheepuram,512,193,316,3,0,16,9,7,0,NA,NA
552,TN,Tamil Nadu,TN_Kanyakumari,Kanyakumari,87,27,59,1,0,0,-5,5,0,NA,NA
553,TN,Tamil Nadu,TN_Karur,Karur,89,11,78,0,0,0,0,0,0,NA,NA
554,TN,Tamil Nadu,TN_Krishnagiri,Krishnagiri,37,16,21,0,0,0,0,0,0,NA,NA
555,TN,Tamil Nadu,TN_Madurai,Madurai,313,75,235,3,0,14,8,6,0,NA,NA
556,TN,Tamil Nadu,TN_Nagapattinam,Nagapattinam,81,30,51,0,0,0,0,0,0,NA,NA
557,TN,Tamil Nadu,TN_Namakkal,Namakkal,85,7,77,1,0,0,0,0,0,NA,NA
564,TN,Tamil Nadu,TN_Nilgiris,Nilgiris,14,0,14,0,0,0,0,0,0,NA,NA
558,TN,Tamil Nadu,TN_Perambalur,Perambalur,143,3,140,0,0,0,-1,1,0,NA,NA
559,TN,Tamil Nadu,TN_Pudukkottai,Pudukkottai,37,16,20,1,0,2,2,0,0,NA,NA
560,TN,Tamil Nadu,TN_Ramanathapuram,Ramanathapuram,110,51,58,1,0,9,9,0,0,NA,NA
733,TN,Tamil Nadu,TN_Ranipet,Ranipet,134,40,94,0,0,10,10,0,0,NA,NA
561,TN,Tamil Nadu,TN_Salem,Salem,222,75,147,0,0,3,-52,55,0,NA,NA
562,TN,Tamil Nadu,TN_Sivaganga,Sivaganga,37,7,30,0,0,0,0,0,0,NA,NA
731,TN,Tamil Nadu,TN_Tenkasi,Tenkasi,103,18,85,0,0,3,3,0,0,NA,NA
563,TN,Tamil Nadu,TN_Thanjavur,Thanjavur,113,25,88,0,0,7,4,3,0,NA,NA
565,TN,Tamil Nadu,TN_Theni,Theni,124,17,105,2,0,3,3,0,0,NA,NA
566,TN,Tamil Nadu,TN_Thiruvallur,Thiruvallur,1323,629,682,12,0,55,40,14,1,NA,NA
567,TN,Tamil Nadu,TN_Thiruvarur,Thiruvarur,60,16,44,0,0,1,-1,2,0,NA,NA
568,TN,Tamil Nadu,TN_Thoothukkudi,Thoothukkudi,340,146,192,2,0,14,-2,16,0,NA,NA
569,TN,Tamil Nadu,TN_Tiruchirappalli,Tiruchirappalli,116,28,87,1,0,4,2,2,0,NA,NA
570,TN,Tamil Nadu,TN_Tirunelveli,Tirunelveli,387,45,341,1,0,2,-11,13,0,NA,NA
735,TN,Tamil Nadu,TN_Tirupathur,Tirupathur,43,12,31,0,0,6,4,2,0,NA,NA
571,TN,Tamil Nadu,TN_Tiruppur,Tiruppur,114,0,114,0,0,0,0,0,0,NA,NA
572,TN,Tamil Nadu,TN_Tiruvannamalai,Tiruvannamalai,492,250,240,2,0,6,-56,62,0,NA,NA
573,TN,Tamil Nadu,TN_Vellore,Vellore,66,25,38,3,0,9,8,0,1,NA,NA
574,TN,Tamil Nadu,TN_Viluppuram,Viluppuram,380,53,325,2,0,11,9,2,0,NA,NA
575,TN,Tamil Nadu,TN_Virudhunagar,Virudhunagar,152,36,116,0,0,5,4,1,0,NA,NA
609,TR,Tripura,TR_Dhalai,Dhalai,199,35,164,0,0,0,-1,1,0,NA,NA
610,TR,Tripura,TR_Gomati,Gomati,92,87,5,0,0,4,1,3,0,NA,NA
611,TR,Tripura,TR_Khowai,Khowai,26,22,4,0,0,0,-3,3,0,NA,NA
612,TR,Tripura,TR_North Tripura,North Tripura,14,10,4,0,0,0,0,0,0,NA,NA
613,TR,Tripura,TR_Sipahijala,Sipahijala,292,287,5,0,0,49,46,3,0,NA,NA
614,TR,Tripura,TR_South Tripura,South Tripura,68,66,2,0,0,0,-2,2,0,NA,NA
615,TR,Tripura,TR_Unokoti,Unokoti,50,49,1,0,0,0,0,0,0,NA,NA
616,TR,Tripura,TR_West Tripura,West Tripura,61,54,7,0,0,0,-7,7,0,NA,NA
617,UP,Uttar Pradesh,UP_Agra,Agra,956,111,795,50,0,17,6,9,2,NA,NA
618,UP,Uttar Pradesh,UP_Aligarh,Aligarh,200,85,99,16,0,15,14,1,0,NA,NA
619,UP,Uttar Pradesh,UP_Ambedkar Nagar,Ambedkar Nagar,85,43,39,3,0,1,-3,4,0,NA,NA
620,UP,Uttar Pradesh,UP_Amethi,Amethi,200,129,71,0,0,4,3,1,0,NA,NA
621,UP,Uttar Pradesh,UP_Amroha,Amroha,68,12,55,1,0,0,-5,5,0,NA,NA
622,UP,Uttar Pradesh,UP_Auraiya,Auraiya,45,20,24,1,0,6,6,0,0,NA,NA
765,UP,Uttar Pradesh,UP_Ayodhya,Ayodhya,138,57,78,3,0,10,-9,19,0,NA,NA
623,UP,Uttar Pradesh,UP_Azamgarh,Azamgarh,154,118,33,3,0,3,2,1,0,NA,NA
624,UP,Uttar Pradesh,UP_Baghpat,Baghpat,92,63,28,1,0,16,15,1,0,NA,NA
625,UP,Uttar Pradesh,UP_Bahraich,Bahraich,100,29,71,0,0,0,0,0,0,NA,NA
626,UP,Uttar Pradesh,UP_Ballia,Ballia,58,31,27,0,0,4,4,0,0,NA,NA
627,UP,Uttar Pradesh,UP_Balrampur,Balrampur,47,11,35,1,0,0,-3,3,0,NA,NA
628,UP,Uttar Pradesh,UP_Banda,Banda,27,2,24,1,0,0,0,0,0,NA,NA
629,UP,Uttar Pradesh,UP_Barabanki,Barabanki,179,40,138,1,0,9,9,0,0,NA,NA
630,UP,Uttar Pradesh,UP_Bareilly,Bareilly,68,30,36,2,0,1,-2,3,0,NA,NA
631,UP,Uttar Pradesh,UP_Basti,Basti,234,142,88,4,0,6,-26,32,0,NA,NA
632,UP,Uttar Pradesh,UP_Bhadohi,Bhadohi,74,59,15,0,0,0,-8,8,0,NA,NA
633,UP,Uttar Pradesh,UP_Bijnor,Bijnor,156,87,67,2,0,11,11,0,0,NA,NA
634,UP,Uttar Pradesh,UP_Budaun,Budaun,45,6,38,1,0,0,-3,3,0,NA,NA
635,UP,Uttar Pradesh,UP_Bulandshahr,Bulandshahr,207,101,101,5,0,37,37,0,0,NA,NA
636,UP,Uttar Pradesh,UP_Chandauli,Chandauli,30,14,15,1,0,1,1,0,0,NA,NA
637,UP,Uttar Pradesh,UP_Chitrakoot,Chitrakoot,64,36,26,2,0,0,0,0,0,NA,NA
638,UP,Uttar Pradesh,UP_Deoria,Deoria,133,86,46,1,0,9,3,6,0,NA,NA
639,UP,Uttar Pradesh,UP_Etah,Etah,51,29,18,4,0,0,-5,5,0,NA,NA
640,UP,Uttar Pradesh,UP_Etawah,Etawah,82,43,38,1,0,4,-2,6,0,NA,NA
642,UP,Uttar Pradesh,UP_Farrukhabad,Farrukhabad,54,32,21,1,0,0,0,0,0,NA,NA
643,UP,Uttar Pradesh,UP_Fatehpur,Fatehpur,69,31,38,0,0,8,5,3,0,NA,NA
644,UP,Uttar Pradesh,UP_Firozabad,Firozabad,316,75,223,18,0,3,-3,6,0,NA,NA
645,UP,Uttar Pradesh,UP_Gautam Buddha Nagar,Gautam Buddha Nagar,640,275,357,8,0,17,-3,20,0,NA,NA
646,UP,Uttar Pradesh,UP_Ghaziabad,Ghaziabad,449,167,273,9,0,46,21,25,0,NA,NA
647,UP,Uttar Pradesh,UP_Ghazipur,Ghazipur,162,92,70,0,0,5,5,0,0,NA,NA
648,UP,Uttar Pradesh,UP_Gonda,Gonda,86,34,52,0,0,4,2,2,0,NA,NA
649,UP,Uttar Pradesh,UP_Gorakhpur,Gorakhpur,130,86,37,7,0,4,-4,8,0,NA,NA
650,UP,Uttar Pradesh,UP_Hamirpur,Hamirpur,9,4,5,0,0,0,0,0,0,NA,NA
651,UP,Uttar Pradesh,UP_Hapur,Hapur,172,81,89,2,0,3,1,2,0,NA,NA
652,UP,Uttar Pradesh,UP_Hardoi,Hardoi,108,72,36,0,0,12,7,5,0,NA,NA
653,UP,Uttar Pradesh,UP_Hathras,Hathras,36,13,22,1,0,0,0,0,0,NA,NA
654,UP,Uttar Pradesh,UP_Jalaun,Jalaun,49,5,41,3,0,0,0,0,0,NA,NA
655,UP,Uttar Pradesh,UP_Jaunpur,Jaunpur,285,163,119,3,0,21,11,10,0,NA,NA
656,UP,Uttar Pradesh,UP_Jhansi,Jhansi,51,17,28,6,0,4,2,2,0,NA,NA
657,UP,Uttar Pradesh,UP_Kannauj,Kannauj,96,62,34,0,0,3,1,2,0,NA,NA
658,UP,Uttar Pradesh,UP_Kanpur Dehat,Kanpur Dehat,31,22,8,1,0,1,1,0,0,NA,NA
659,UP,Uttar Pradesh,UP_Kanpur Nagar,Kanpur Nagar,516,184,317,15,0,18,11,6,1,NA,NA
660,UP,Uttar Pradesh,UP_Kasganj,Kasganj,24,9,15,0,0,0,0,0,0,NA,NA
661,UP,Uttar Pradesh,UP_Kaushambi,Kaushambi,50,3,47,0,0,1,1,0,0,NA,NA
663,UP,Uttar Pradesh,UP_Kushinagar,Kushinagar,54,45,7,2,0,0,0,0,0,NA,NA
662,UP,Uttar Pradesh,UP_Lakhimpur Kheri,Lakhimpur Kheri,76,17,59,0,0,1,-4,5,0,NA,NA
664,UP,Uttar Pradesh,UP_Lalitpur,Lalitpur,3,2,0,1,0,0,0,0,0,NA,NA
665,UP,Uttar Pradesh,UP_Lucknow,Lucknow,452,122,325,5,0,7,7,-1,1,NA,NA
667,UP,Uttar Pradesh,UP_Maharajganj,Maharajganj,84,49,34,1,0,4,0,4,0,NA,NA
666,UP,Uttar Pradesh,UP_Mahoba,Mahoba,15,6,8,1,0,1,1,0,0,NA,NA
668,UP,Uttar Pradesh,UP_Mainpuri,Mainpuri,78,48,28,2,0,1,1,0,0,NA,NA
669,UP,Uttar Pradesh,UP_Mathura,Mathura,99,29,64,6,0,0,-4,4,0,NA,NA
670,UP,Uttar Pradesh,UP_Mau,Mau,62,49,12,1,0,5,5,0,0,NA,NA
671,UP,Uttar Pradesh,UP_Meerut,Meerut,520,122,360,38,0,18,5,10,3,NA,NA
672,UP,Uttar Pradesh,UP_Mirzapur,Mirzapur,38,16,22,0,0,2,2,0,0,NA,NA
673,UP,Uttar Pradesh,UP_Moradabad,Moradabad,265,76,178,11,0,12,5,7,0,NA,NA
674,UP,Uttar Pradesh,UP_Muzaffarnagar,Muzaffarnagar,125,74,50,1,0,21,16,5,0,NA,NA
675,UP,Uttar Pradesh,UP_Pilibhit,Pilibhit,52,8,44,0,0,2,0,2,0,NA,NA
676,UP,Uttar Pradesh,UP_Pratapgarh,Pratapgarh,89,13,72,4,0,2,-2,4,0,NA,NA
677,UP,Uttar Pradesh,UP_Prayagraj,Prayagraj,127,45,79,3,0,5,3,2,0,NA,NA
678,UP,Uttar Pradesh,UP_Rae Bareli,Rae Bareli,78,16,61,1,0,4,4,0,0,NA,NA
679,UP,Uttar Pradesh,UP_Rampur,Rampur,202,41,159,2,0,5,3,2,0,NA,NA
680,UP,Uttar Pradesh,UP_Saharanpur,Saharanpur,268,44,224,0,0,2,2,0,0,NA,NA
681,UP,Uttar Pradesh,UP_Sambhal,Sambhal,143,72,70,1,0,9,6,3,0,NA,NA
682,UP,Uttar Pradesh,UP_Sant Kabir Nagar,Sant Kabir Nagar,141,81,54,6,0,5,5,0,0,NA,NA
683,UP,Uttar Pradesh,UP_Shahjahanpur,Shahjahanpur,45,26,19,0,0,6,5,1,0,NA,NA
684,UP,Uttar Pradesh,UP_Shamli,Shamli,51,10,41,0,0,1,-1,2,0,NA,NA
685,UP,Uttar Pradesh,UP_Shrawasti,Shrawasti,44,15,28,1,0,2,2,0,0,NA,NA
686,UP,Uttar Pradesh,UP_Siddharthnagar,Siddharthnagar,145,49,94,2,0,2,-14,16,0,NA,NA
687,UP,Uttar Pradesh,UP_Sitapur,Sitapur,44,4,40,0,0,0,-1,1,0,NA,NA
688,UP,Uttar Pradesh,UP_Sonbhadra,Sonbhadra,14,11,3,0,0,0,0,0,0,NA,NA
689,UP,Uttar Pradesh,UP_Sultanpur,Sultanpur,100,40,59,1,0,0,0,0,0,NA,NA
690,UP,Uttar Pradesh,UP_Unnao,Unnao,54,27,25,2,0,7,4,3,0,NA,NA
691,UP,Uttar Pradesh,UP_Varanasi,Varanasi,242,108,129,5,0,5,-4,9,0,NA,NA
692,UT,Uttarakhand,UT_Almora,Almora,73,25,47,1,0,0,0,0,0,NA,NA
693,UT,Uttarakhand,UT_Bageshwar,Bageshwar,33,22,11,0,0,6,6,0,0,NA,NA
694,UT,Uttarakhand,UT_Chamoli,Chamoli,33,22,11,0,0,0,0,0,0,NA,NA
695,UT,Uttarakhand,UT_Champawat,Champawat,46,38,7,1,0,1,1,0,0,NA,NA
696,UT,Uttarakhand,UT_Dehradun,Dehradun,369,285,71,9,4,11,8,1,2,NA,NA
697,UT,Uttarakhand,UT_Haridwar,Haridwar,135,98,37,0,0,27,27,0,0,NA,NA
698,UT,Uttarakhand,UT_Nainital,Nainital,323,189,133,1,0,2,2,0,0,NA,NA
699,UT,Uttarakhand,UT_Pauri Garhwal,Pauri Garhwal,43,26,16,1,0,0,-1,1,0,NA,NA
700,UT,Uttarakhand,UT_Pithoragarh,Pithoragarh,44,43,1,0,0,0,0,0,0,NA,NA
701,UT,Uttarakhand,UT_Rudraprayag,Rudraprayag,22,19,3,0,0,0,0,0,0,NA,NA
702,UT,Uttarakhand,UT_Tehri Garhwal,Tehri Garhwal,121,23,98,0,0,3,-61,64,0,NA,NA
703,UT,Uttarakhand,UT_Udham Singh Nagar,Udham Singh Nagar,90,44,46,0,0,2,2,0,0,NA,NA
704,UT,Uttarakhand,UT_Uttarkashi,Uttarkashi,23,6,17,0,0,0,-10,10,0,NA,NA
705,WB,West Bengal,WB_Alipurduar,Alipurduar,18,14,4,0,0,6,6,0,0,NA,NA
706,WB,West Bengal,WB_Bankura,Bankura,115,73,42,0,0,11,10,1,0,NA,NA
707,WB,West Bengal,WB_Birbhum,Birbhum,196,30,165,1,0,2,-4,6,0,NA,NA
708,WB,West Bengal,WB_Cooch Behar,Cooch Behar,158,122,36,0,0,15,5,10,0,NA,NA
709,WB,West Bengal,WB_Dakshin Dinajpur,Dakshin Dinajpur,44,11,33,0,0,1,0,1,0,NA,NA
710,WB,West Bengal,WB_Darjeeling,Darjeeling,89,67,19,3,0,6,2,3,1,NA,NA
711,WB,West Bengal,WB_Hooghly,Hooghly,592,404,176,12,0,37,34,3,0,NA,NA
712,WB,West Bengal,WB_Howrah,Howrah,1419,860,510,49,0,37,20,15,2,NA,NA
713,WB,West Bengal,WB_Jalpaiguri,Jalpaiguri,54,45,9,0,0,25,21,4,0,NA,NA
714,WB,West Bengal,WB_Jhargram,Jhargram,11,5,6,0,0,5,5,0,0,NA,NA
715,WB,West Bengal,WB_Kalimpong,Kalimpong,18,11,6,1,0,7,7,0,0,NA,NA
716,WB,West Bengal,WB_Kolkata,Kolkata,2758,1388,1116,254,0,74,24,43,7,NA,NA
717,WB,West Bengal,WB_Malda,Malda,226,118,108,0,0,21,10,11,0,NA,NA
719,WB,West Bengal,WB_Murshidabad,Murshidabad,122,28,92,2,0,2,-12,14,0,NA,NA
720,WB,West Bengal,WB_Nadia,Nadia,134,87,45,2,0,4,-3,7,0,NA,NA
721,WB,West Bengal,WB_North 24 Parganas,North 24 Parganas,1103,659,388,56,0,68,39,26,3,NA,NA
0,WB,West Bengal,WB_Other State,Other State,66,45,18,3,0,2,2,0,0,NA,NA
722,WB,West Bengal,WB_Paschim Bardhaman,Paschim Bardhaman,70,30,38,2,0,3,0,3,0,NA,NA
718,WB,West Bengal,WB_Paschim Medinipur,Paschim Medinipur,177,147,29,1,0,84,83,1,0,NA,NA
723,WB,West Bengal,WB_Purba Bardhaman,Purba Bardhaman,124,32,92,0,0,2,2,0,0,NA,NA
724,WB,West Bengal,WB_Purba Medinipur,Purba Medinipur,141,74,65,2,0,2,-6,8,0,NA,NA
725,WB,West Bengal,WB_Purulia,Purulia,63,22,41,0,0,1,-21,22,0,NA,NA
726,WB,West Bengal,WB_South 24 Parganas,South 24 Parganas,282,165,109,8,0,31,28,3,0,NA,NA
727,WB,West Bengal,WB_Uttar Dinajpur,Uttar Dinajpur,207,51,156,0,0,3,0,3,0,NA,NA
728,AN,Andaman and Nicobar Islands,AN_Unknown,Unknown,0,0,0,0,NA,0,0,0,0,NA,NA
729,AP,Andhra Pradesh,AP_Unknown,Unknown,0,-9,9,0,NA,0,0,0,0,NA,NA
730,AR,Arunachal Pradesh,AR_Unknown,Unknown,0,0,0,0,NA,0,0,0,0,NA,NA
731,AS,Assam,AS_Unknown,Unknown,8,8,0,0,NA,0,0,0,0,NA,NA
732,BR,Bihar,BR_Unknown,Unknown,0,0,0,0,NA,0,0,0,0,NA,NA
733,CH,Chandigarh,CH_Unknown,Unknown,0,0,0,0,NA,0,0,0,0,NA,NA
734,CT,Chhattisgarh,CT_Unknown,Unknown,0,0,0,0,NA,0,0,0,0,NA,NA
735,DN,Dadra and Nagar Haveli and Daman and Diu,DN_Unknown,Unknown,0,0,0,0,NA,0,0,0,0,NA,NA
737,DL,Delhi,DL_Unknown,Unknown,28148,16338,10999,811,NA,0,0,0,0,NA,NA
738,GA,Goa,GA_Unknown,Unknown,167,109,58,0,NA,0,0,0,0,NA,NA
739,GJ,Gujarat,GJ_Unknown,Unknown,0,0,0,0,NA,0,0,0,0,NA,NA
740,HR,Haryana,HR_Unknown,Unknown,0,0,0,0,NA,0,0,0,0,NA,NA
741,HP,Himachal Pradesh,HP_Unknown,Unknown,0,0,0,0,NA,0,0,0,0,NA,NA
742,JK,Jammu and Kashmir,JK_Unknown,Unknown,0,0,0,0,NA,0,0,0,0,NA,NA
743,JH,Jharkhand,JH_Unknown,Unknown,0,0,0,0,NA,0,0,0,0,NA,NA
744,KA,Karnataka,KA_Unknown,Unknown,0,0,0,0,NA,0,0,0,0,NA,NA
745,KL,Kerala,KL_Unknown,Unknown,0,0,0,0,NA,0,0,0,0,NA,NA
746,LA,Ladakh,LA_Unknown,Unknown,0,0,0,0,NA,0,0,0,0,NA,NA
747,LD,Lakshadweep,LD_Unknown,Unknown,0,0,0,0,NA,0,0,0,0,NA,NA
748,MP,Madhya Pradesh,MP_Unknown,Unknown,0,-1,1,0,NA,0,0,0,0,NA,NA
749,MH,Maharashtra,MH_Unknown,Unknown,0,0,0,0,NA,0,0,0,0,NA,NA
750,MN,Manipur,MN_Unknown,Unknown,31,10,21,0,NA,0,0,0,0,NA,NA
751,ML,Meghalaya,ML_Unknown,Unknown,5,5,0,0,NA,0,0,0,0,NA,NA
752,MZ,Mizoram,MZ_Unknown,Unknown,0,0,0,0,NA,0,0,0,0,NA,NA
753,NL,Nagaland,NL_Unknown,Unknown,2,2,0,0,NA,0,0,0,0,NA,NA
754,OR,Odisha,OR_Unknown,Unknown,0,0,0,0,NA,0,0,0,0,NA,NA
755,PY,Puducherry,PY_Unknown,Unknown,0,0,0,0,NA,0,0,0,0,NA,NA
756,PB,Punjab,PB_Unknown,Unknown,0,0,0,0,NA,0,0,0,0,NA,NA
757,RJ,Rajasthan,RJ_Unknown,Unknown,0,0,0,0,NA,0,0,0,0,NA,NA
758,SK,Sikkim,SK_Unknown,Unknown,3,3,0,0,NA,0,0,0,0,NA,NA
759,TN,Tamil Nadu,TN_Unknown,Unknown,0,0,0,0,NA,0,0,0,0,NA,NA
760,TG,Telangana,TG_Unknown,Unknown,357,-941,1191,107,NA,0,0,0,0,NA,NA
761,TR,Tripura,TR_Unknown,Unknown,0,0,0,0,NA,0,0,0,0,NA,NA
762,UP,Uttar Pradesh,UP_Unknown,Unknown,0,0,0,0,NA,0,0,0,0,NA,NA
763,UT,Uttarakhand,UT_Unknown,Unknown,0,0,0,0,NA,0,0,0,0,NA,NA
764,WB,West Bengal,WB_Unknown,Unknown,0,0,0,0,NA,0,0,0,0,NA,NA
